Yr,Lg,Series, , ,Team,W, ,Team,W, ,Favorite,Underdog
2020,NBA,Eastern Conf First Round,"Aug 18 - Aug 29, 2020",,Milwaukee Bucks (1),,,Orlando Magic (8),,,MIL (-7500),ORL (+3250)
2020,NBA,Eastern Conf First Round,"Aug 17 - Aug 23, 2020",,Toronto Raptors (2),,,Brooklyn Nets (7),,,TOR (-2200),BRK (+1315)
2020,NBA,Eastern Conf First Round,"Aug 17 - Aug 23, 2020",,Boston Celtics (3),,,Philadelphia 76ers (6),,,BOS (-450),PHI (+360)
2020,NBA,Eastern Conf First Round,"Aug 18 - Aug 24, 2020",,Miami Heat (5),,,Indiana Pacers (4),,,MIA (-320),IND (+260)
2020,NBA,Western Conf First Round,"Aug 18 - Aug 29, 2020",,Los Angeles Lakers (1),,,Portland Trail Blazers (8),,,LAL (-550),POR (+425)
2020,NBA,Western Conf First Round,"Aug 17 - Aug 30, 2020",,Los Angeles Clippers (2),,,Dallas Mavericks (7),,,LAC (-630),DAL (+465)
2020,NBA,Western Conf First Round,"Aug 17 - Sep 1, 2020",,Denver Nuggets (3),,,Utah Jazz (6),,,DEN (-285),UTA (+243)
2020,NBA,Western Conf First Round,"Aug 18 - Sep 2, 2020",,Houston Rockets (4),,,Oklahoma City Thunder (5),,,HOU (-160),OKC (+140)
2020,NBA,Eastern Conf Semifinals,"Aug 30 - Sep 11, 2020",,Boston Celtics (3),,,Toronto Raptors (2),,,TOR (-135),BOS (+115)
2020,NBA,Eastern Conf Semifinals,"Aug 31 - Sep 8, 2020",,Miami Heat (5),,,Milwaukee Bucks (1),,,MIL (-440),MIA (+350)
2020,NBA,Western Conf Semifinals,"Sep 3 - Sep 15, 2020",,Denver Nuggets (3),,,Los Angeles Clippers (2),,,LAC (-1300),DEN (+850)
2020,NBA,Western Conf Semifinals,"Sep 4 - Sep 12, 2020",,Los Angeles Lakers (1),,,Houston Rockets (4),,,LAL (-550),HOU (+425)
2020,NBA,Eastern Conf Finals,"Sep 15 - Sep 27, 2020",,Miami Heat (5),,,Boston Celtics (3),,,BOS (-130),MIA (+110)
2020,NBA,Western Conf Finals,"Sep 18 - Sep 26, 2020",,Los Angeles Lakers (1),,,Denver Nuggets (3),,,LAL (-550),DEN (+425)
2020,NBA,Finals,"Sep 30 - Oct 11, 2020",,Los Angeles Lakers (1),,,Miami Heat (5),,,LAL (-350),MIA (+290)
,,,,,,,,,,,,
2019,NBA,Eastern Conf First Round,"Apr 14 - Apr 22, 2019",,Milwaukee Bucks (1),,,Detroit Pistons (8),,,MIL (-3500),DET (+1750)
2019,NBA,Eastern Conf First Round,"Apr 13 - Apr 23, 2019",,Toronto Raptors (2),,,Orlando Magic (7),,,TOR (-1200),ORL (+775)
2019,NBA,Eastern Conf First Round,"Apr 13 - Apr 23, 2019",,Philadelphia 76ers (3),,,Brooklyn Nets (6),,,PHI (-600),BRK (+450)
2019,NBA,Eastern Conf First Round,"Apr 14 - Apr 21, 2019",,Boston Celtics (4),,,Indiana Pacers (5),,,BOS (-465),IND (+370)
2019,NBA,Western Conf First Round,"Apr 13 - Apr 26, 2019",,Golden State Warriors (1),,,Los Angeles Clippers (8),,,GSW (-15000),LAC (+6000)
2019,NBA,Western Conf First Round,"Apr 13 - Apr 27, 2019",,Denver Nuggets (2),,,San Antonio Spurs (7),,,DEN (-270),SAS (+230)
2019,NBA,Western Conf First Round,"Apr 14 - Apr 23, 2019",,Portland Trail Blazers (3),,,Oklahoma City Thunder (6),,,OKC (-165),POR (+145)
2019,NBA,Western Conf First Round,"Apr 14 - Apr 24, 2019",,Houston Rockets (4),,,Utah Jazz (5),,,HOU (-310),UTA (+255)
2019,NBA,Eastern Conf Semifinals,"Apr 28 - May 8, 2019",,Milwaukee Bucks (1),,,Boston Celtics (4),,,MIL (-360),BOS (+300)
2019,NBA,Eastern Conf Semifinals,"Apr 27 - May 12, 2019",,Toronto Raptors (2),,,Philadelphia 76ers (3),,,TOR (-290),PHI (+245)
2019,NBA,Western Conf Semifinals,"Apr 28 - May 10, 2019",,Golden State Warriors (1),,,Houston Rockets (4),,,GSW (-280),HOU (+240)
2019,NBA,Western Conf Semifinals,"Apr 29 - May 12, 2019",,Portland Trail Blazers (3),,,Denver Nuggets (2),,,DEN (-145),POR (+125)
2019,NBA,Eastern Conf Finals,"May 15 - May 25, 2019",,Toronto Raptors (2),,,Milwaukee Bucks (1),,,MIL (-270),TOR (+230)
2019,NBA,Western Conf Finals,"May 14 - May 20, 2019",,Golden State Warriors (1),,,Portland Trail Blazers (3),,,GSW (-550),POR (+425)
2019,NBA,Finals,"May 30 - Jun 13, 2019",,Toronto Raptors (2),,,Golden State Warriors (1),,,GSW (-270),TOR (+230)
,,,,,,,,,,,,
2018,NBA,Eastern Conf First Round,"Apr 14 - Apr 27, 2018",,Toronto Raptors (1),,,Washington Wizards (8),,,TOR (-630),WAS (+465)
2018,NBA,Eastern Conf First Round,"Apr 15 - Apr 28, 2018",,Boston Celtics (2),,,Milwaukee Bucks (7),,,BOS (-150),MIL (+130)
2018,NBA,Eastern Conf First Round,"Apr 14 - Apr 24, 2018",,Philadelphia 76ers (3),,,Miami Heat (6),,,PHI (-500),MIA (+400)
2018,NBA,Eastern Conf First Round,"Apr 15 - Apr 29, 2018",,Cleveland Cavaliers (4),,,Indiana Pacers (5),,,CLE (-600),IND (+450)
2018,NBA,Western Conf First Round,"Apr 15 - Apr 25, 2018",,Houston Rockets (1),,,Minnesota Timberwolves (8),,,HOU (-3000),MIN (+1500)
2018,NBA,Western Conf First Round,"Apr 14 - Apr 24, 2018",,Golden State Warriors (2),,,San Antonio Spurs (7),,,GSW (-900),SAS (+600)
2018,NBA,Western Conf First Round,"Apr 14 - Apr 21, 2018",,New Orleans Pelicans (6),,,Portland Trail Blazers (3),,,POR (-220),NOP (+180)
2018,NBA,Western Conf First Round,"Apr 15 - Apr 27, 2018",,Utah Jazz (5),,,Oklahoma City Thunder (4),,,OKC (-140),UTA (+120)
2018,NBA,Western Conf Semifinals,"Apr 28 - May 8, 2018",,Golden State Warriors (2),,,New Orleans Pelicans (6),,,GSW (-1050),NOP (+675)
2018,NBA,Western Conf Semifinals,"Apr 29 - May 8, 2018",,Houston Rockets (1),,,Utah Jazz (5),,,HOU (-1500),UTA (+1000)
2018,NBA,Eastern Conf Semifinals,"Apr 30 - May 9, 2018",,Boston Celtics (2),,,Philadelphia 76ers (3),,,PHI (-525),BOS (+415)
2018,NBA,Eastern Conf Semifinals,"May 1 - May 7, 2018",,Cleveland Cavaliers (4),,,Toronto Raptors (1),,,TOR (-190),CLE (+165)
2018,NBA,Eastern Conf Finals,"May 13 - May 27, 2018",,Cleveland Cavaliers (4),,,Boston Celtics (2),,,CLE (-275),BOS (+235)
2018,NBA,Western Conf Finals,"May 14 - May 28, 2018",,Golden State Warriors (2),,,Houston Rockets (1),,,GSW (-200),HOU (+170)
2018,NBA,Finals,"May 31 - Jun 8, 2018",,Golden State Warriors (2),,,Cleveland Cavaliers (4),,,GSW (-1075),CLE (+688)
,,,,,,,,,,,,
2017,NBA,Eastern Conf First Round,"Apr 16 - Apr 28, 2017",,Boston Celtics (1),,,Chicago Bulls (8),,,BOS (-470),CHI (+375)
2017,NBA,Eastern Conf First Round,"Apr 15 - Apr 23, 2017",,Cleveland Cavaliers (2),,,Indiana Pacers (7),,,CLE (-1100),IND (+700)
2017,NBA,Eastern Conf First Round,"Apr 15 - Apr 27, 2017",,Toronto Raptors (3),,,Milwaukee Bucks (6),,,TOR (-440),MIL (+350)
2017,NBA,Eastern Conf First Round,"Apr 16 - Apr 28, 2017",,Washington Wizards (4),,,Atlanta Hawks (5),,,WAS (-220),ATL (+180)
2017,NBA,Western Conf First Round,"Apr 16 - Apr 24, 2017",,Golden State Warriors (1),,,Portland Trail Blazers (8),,,GSW (-7000),POR (+3000)
2017,NBA,Western Conf First Round,"Apr 15 - Apr 27, 2017",,San Antonio Spurs (2),,,Memphis Grizzlies (7),,,SAS (-1070),MEM (+685)
2017,NBA,Western Conf First Round,"Apr 16 - Apr 25, 2017",,Houston Rockets (3),,,Oklahoma City Thunder (6),,,HOU (-390),OKC (+320)
2017,NBA,Western Conf First Round,"Apr 15 - Apr 30, 2017",,Utah Jazz (5),,,Los Angeles Clippers (4),,,LAC (-245),UTA (+205)
2017,NBA,Eastern Conf Semifinals,"May 1 - May 7, 2017",,Cleveland Cavaliers (2),,,Toronto Raptors (3),,,CLE (-475),TOR (+380)
2017,NBA,Eastern Conf Semifinals,"Apr 30 - May 15, 2017",,Boston Celtics (1),,,Washington Wizards (4),,,BOS (-185),WAS (+160)
2017,NBA,Western Conf Semifinals,"May 2 - May 8, 2017",,Golden State Warriors (1),,,Utah Jazz (5),,,GSW (-3200),UTA (+1600)
2017,NBA,Western Conf Semifinals,"May 1 - May 11, 2017",,San Antonio Spurs (2),,,Houston Rockets (3),,,SAS (-300),HOU (+250)
2017,NBA,Western Conf Finals,"May 14 - May 22, 2017",,Golden State Warriors (1),,,San Antonio Spurs (2),,,GSW (-1050),SAS (+675)
2017,NBA,Eastern Conf Finals,"May 17 - May 25, 2017",,Cleveland Cavaliers (2),,,Boston Celtics (1),,,CLE (-700),BOS (+500)
2017,NBA,Finals,"Jun 1 - Jun 12, 2017",,Golden State Warriors (1),,,Cleveland Cavaliers (2),,,GSW (-300),CLE (+250)
,,,,,,,,,,,,
2016,NBA,Eastern Conf First Round,"Apr 17 - Apr 24, 2016",,Cleveland Cavaliers (1),,,Detroit Pistons (8),,,CLE (-1700),DET (+1100)
2016,NBA,Eastern Conf First Round,"Apr 16 - May 1, 2016",,Toronto Raptors (2),,,Indiana Pacers (7),,,TOR (-400),IND (+325)
2016,NBA,Eastern Conf First Round,"Apr 17 - May 1, 2016",,Miami Heat (3),,,Charlotte Hornets (6),,,MIA (-170),CHA (+1000)
2016,NBA,Eastern Conf First Round,"Apr 16 - Apr 28, 2016",,Atlanta Hawks (4),,,Boston Celtics (5),,,ATL (-165),BOS (+145)
2016,NBA,Western Conf First Round,"Apr 16 - Apr 27, 2016",,Golden State Warriors (1),,,Houston Rockets (8),,,GSW (-10000),HOU (+4000)
2016,NBA,Western Conf First Round,"Apr 17 - Apr 24, 2016",,San Antonio Spurs (2),,,Memphis Grizzlies (7),,,SAS (-17000),MEM (+6625)
2016,NBA,Western Conf First Round,"Apr 16 - Apr 25, 2016",,Oklahoma City Thunder (3),,,Dallas Mavericks (6),,,OKC (-3500),DAL (+1750)
2016,NBA,Western Conf First Round,"Apr 17 - Apr 29, 2016",,Portland Trail Blazers (5),,,Los Angeles Clippers (4),,,LAC (-525),POR (+415)
2016,NBA,Eastern Conf Semifinals,"May 2 - May 8, 2016",,Cleveland Cavaliers (1),,,Atlanta Hawks (4),,,CLE (-500),ATL (+400)
2016,NBA,Eastern Conf Semifinals,"May 3 - May 15, 2016",,Toronto Raptors (2),,,Miami Heat (3),,,TOR (-145),MIA (+125)
2016,NBA,Western Conf Semifinals,"May 1 - May 11, 2016",,Golden State Warriors (1),,,Portland Trail Blazers (5),,,GSW (-1600),POR (+1050)
2016,NBA,Western Conf Semifinals,"Apr 30 - May 12, 2016",,Oklahoma City Thunder (3),,,San Antonio Spurs (2),,,SAS (-270),OKC (+230)
2016,NBA,Eastern Conf Finals,"May 17 - May 27, 2016",,Cleveland Cavaliers (1),,,Toronto Raptors (2),,,CLE (-1350),TOR (+885)
2016,NBA,Western Conf Finals,"May 16 - May 30, 2016",,Golden State Warriors (1),,,Oklahoma City Thunder (3),,,GSW (-430),OKC (+345)
2016,NBA,Finals,"Jun 2 - Jun 19, 2016",,Cleveland Cavaliers (1),,,Golden State Warriors (1),,,GSW (-220),CLE (+180)
,,,,,,,,,,,,
2015,NBA,Eastern Conf First Round,"Apr 19 - May 1, 2015",,Atlanta Hawks (1),,,Brooklyn Nets (8),,,ATL (-1350),BRK (+900)
2015,NBA,Eastern Conf First Round,"Apr 19 - Apr 26, 2015",,Cleveland Cavaliers (2),,,Boston Celtics (7),,,CLE (-5000),BOS (+2100)
2015,NBA,Eastern Conf First Round,"Apr 18 - Apr 30, 2015",,Chicago Bulls (3),,,Milwaukee Bucks (6),,,CHI (-950),MIL (+700)
2015,NBA,Eastern Conf First Round,"Apr 18 - Apr 26, 2015",,Washington Wizards (5),,,Toronto Raptors (4),,,TOR (-175),WAS (+155)
2015,NBA,Western Conf First Round,"Apr 18 - Apr 25, 2015",,Golden State Warriors (1),,,New Orleans Pelicans (8),,,GSW (-3000),NOP (+1500)
2015,NBA,Western Conf First Round,"Apr 18 - Apr 28, 2015",,Houston Rockets (2),,,Dallas Mavericks (7),,,HOU (-260),DAL (+220)
2015,NBA,Western Conf First Round,"Apr 19 - May 2, 2015",,Los Angeles Clippers (3),,,San Antonio Spurs (6),,,SAS (-180),LAC (+160)
2015,NBA,Western Conf First Round,"Apr 19 - Apr 29, 2015",,Memphis Grizzlies (5),,,Portland Trail Blazers (4),,,MEM (-225),POR (+195)
2015,NBA,Eastern Conf Semifinals,"May 4 - May 14, 2015",,Cleveland Cavaliers (2),,,Chicago Bulls (3),,,CLE (-240),CHI (+200)
2015,NBA,Eastern Conf Semifinals,"May 3 - May 15, 2015",,Atlanta Hawks (1),,,Washington Wizards (5),,,ATL (-245),WAS (+205)
2015,NBA,Western Conf Semifinals,"May 4 - May 17, 2015",,Houston Rockets (2),,,Los Angeles Clippers (3),,,HOU (-150),LAC (+130)
2015,NBA,Western Conf Semifinals,"May 3 - May 15, 2015",,Golden State Warriors (1),,,Memphis Grizzlies (5),,,GSW (-1000),MEM (+725)
2015,NBA,Eastern Conf Finals,"May 20 - May 26, 2015",,Cleveland Cavaliers (2),,,Atlanta Hawks (1),,,CLE (-190),ATL (+165)
2015,NBA,Western Conf Finals,"May 19 - May 27, 2015",,Golden State Warriors (1),,,Houston Rockets (2),,,GSW (-880),HOU (+665)
2015,NBA,Finals,"Jun 4 - Jun 16, 2015",,Golden State Warriors (1),,,Cleveland Cavaliers (2),,,GSW (-220),CLE (+190)
Yr,Lg,Series, , ,Team,W, ,Team,W, ,Favorite,Underdog
2014,NBA,Eastern Conf First Round,"Apr 19 - May 3, 2014",,Indiana Pacers (1),,,Atlanta Hawks (8),,,IND (-600),ATL (+440)
2014,NBA,Eastern Conf First Round,"Apr 20 - Apr 28, 2014",,Miami Heat (2),,,Charlotte Bobcats (7),,,MIA (-2500),CHA (+1000)
2014,NBA,Eastern Conf First Round,"Apr 19 - May 4, 2014",,Brooklyn Nets (6),,,Toronto Raptors (3),,,BRK (-130),TOR (+110)
2014,NBA,Eastern Conf First Round,"Apr 20 - Apr 29, 2014",,Washington Wizards (5),,,Chicago Bulls (4),,,CHI (-180),WAS (+160)
2014,NBA,Western Conf First Round,"Apr 20 - May 4, 2014",,San Antonio Spurs (1),,,Dallas Mavericks (8),,,SAS (-875),DAL (+585)
2014,NBA,Western Conf First Round,"Apr 19 - May 3, 2014",,Oklahoma City Thunder (2),,,Memphis Grizzlies (7),,,OKC (-500),MEM (+375)
2014,NBA,Western Conf First Round,"Apr 19 - May 3, 2014",,Los Angeles Clippers (3),,,Golden State Warriors (6),,,LAC (-400),GSW (+285)
2014,NBA,Western Conf First Round,"Apr 20 - May 2, 2014",,Portland Trail Blazers (5),,,Houston Rockets (4),,,HOU (-200),POR (+170)
2014,NBA,Eastern Conf Semifinals,"May 5 - May 15, 2014",,Indiana Pacers (1),,,Washington Wizards (5),,,IND (-165),WAS (+145)
2014,NBA,Eastern Conf Semifinals,"May 6 - May 14, 2014",,Miami Heat (2),,,Brooklyn Nets (6),,,MIA (-620),BRK (+450)
2014,NBA,Western Conf Semifinals,"May 6 - May 14, 2014",,San Antonio Spurs (1),,,Portland Trail Blazers (5),,,SAS (-410),POR (+320)
2014,NBA,Western Conf Semifinals,"May 5 - May 15, 2014",,Oklahoma City Thunder (2),,,Los Angeles Clippers (3),,,OKC (-205),LAC (+175)
2014,NBA,Eastern Conf Finals,"May 18 - May 30, 2014",,Miami Heat (2),,,Indiana Pacers (1),,,MIA (-380),IND (+300)
2014,NBA,Western Conf Finals,"May 19 - May 31, 2014",,San Antonio Spurs (1),,,Oklahoma City Thunder (2),,,SAS (-245),OKC (+205)
2014,NBA,Finals,"Jun 5 - Jun 15, 2014",,San Antonio Spurs (1),,,Miami Heat (2),,,SAS (-155),MIA (+135)
,,,,,,,,,,,,
2013,NBA,Eastern Conf First Round,"Apr 21 - Apr 28, 2013",,Miami Heat (1),,,Milwaukee Bucks (8),,,MIA (-20000),MIL (+7500)
2013,NBA,Eastern Conf First Round,"Apr 20 - May 3, 2013",,New York Knicks (2),,,Boston Celtics (7),,,NYK (-410),BOS (+320)
2013,NBA,Eastern Conf First Round,"Apr 21 - May 3, 2013",,Indiana Pacers (3),,,Atlanta Hawks (6),,,IND (-380),ATL (+300)
2013,NBA,Eastern Conf First Round,"Apr 20 - May 4, 2013",,Chicago Bulls (5),,,Brooklyn Nets (4),,,BRK (-145),CHI (+125)
2013,NBA,Western Conf First Round,"Apr 21 - May 3, 2013",,Oklahoma City Thunder (1),,,Houston Rockets (8),,,OKC (-1900),HOU (+875)
2013,NBA,Western Conf First Round,"Apr 21 - Apr 28, 2013",,San Antonio Spurs (2),,,Los Angeles Lakers (7),,,SAS (-1000),LAL (+650)
2013,NBA,Western Conf First Round,"Apr 20 - May 2, 2013",,Golden State Warriors (6),,,Denver Nuggets (3),,,DEN (-460),GSW (+355)
2013,NBA,Western Conf First Round,"Apr 20 - May 3, 2013",,Memphis Grizzlies (5),,,Los Angeles Clippers (4),,,LAC (-180),MEM (+160)
2013,NBA,Eastern Conf Semifinals,"May 6 - May 15, 2013",,Miami Heat (1),,,Chicago Bulls (5),,,MIA (-3000),CHI (+1100)
2013,NBA,Eastern Conf Semifinals,"May 5 - May 18, 2013",,Indiana Pacers (3),,,New York Knicks (2),,,NYK (-190),IND (+165)
2013,NBA,Western Conf Semifinals,"May 5 - May 15, 2013",,Memphis Grizzlies (5),,,Oklahoma City Thunder (1),,,MEM (-127),OKC (+107)
2013,NBA,Western Conf Semifinals,"May 6 - May 16, 2013",,San Antonio Spurs (2),,,Golden State Warriors (6),,,SAS (-950),GSW (+625)
2013,NBA,Eastern Conf Finals,"May 22 - Jun 3, 2013",,Miami Heat (1),,,Indiana Pacers (3),,,MIA (-850),IND (+575)
2013,NBA,Western Conf Finals,"May 19 - May 27, 2013",,San Antonio Spurs (2),,,Memphis Grizzlies (5),,,SAS (-145),MEM (+125)
2013,NBA,Finals,"Jun 6 - Jun 20, 2013",,Miami Heat (1),,,San Antonio Spurs (2),,,MIA (-220),SAS (+180)
,,,,,,,,,,,,
2012,NBA,Eastern Conf First Round,"Apr 28 - May 10, 2012",,Philadelphia 76ers (8),,,Chicago Bulls (1),,,CHI (-1400),PHI (+900)
2012,NBA,Eastern Conf First Round,"Apr 28 - May 9, 2012",,Miami Heat (2),,,New York Knicks (7),,,MIA (-900),NYK (+650)
2012,NBA,Eastern Conf First Round,"Apr 28 - May 8, 2012",,Indiana Pacers (3),,,Orlando Magic (6),,,IND (-800),ORL (+600)
2012,NBA,Eastern Conf First Round,"Apr 29 - May 10, 2012",,Boston Celtics (4),,,Atlanta Hawks (5),,,BOS (-190),ATL (+160)
2012,NBA,Western Conf First Round,"Apr 29 - May 7, 2012",,San Antonio Spurs (1),,,Utah Jazz (8),,,SAS (-2500),UTA (+1450)
2012,NBA,Western Conf First Round,"Apr 28 - May 5, 2012",,Oklahoma City Thunder (2),,,Dallas Mavericks (7),,,OKC (-500),DAL (+400)
2012,NBA,Western Conf First Round,"Apr 29 - May 12, 2012",,Los Angeles Lakers (3),,,Denver Nuggets (6),,,LAL (-240),DEN (+195)
2012,NBA,Western Conf First Round,"Apr 29 - May 13, 2012",,Los Angeles Clippers (5),,,Memphis Grizzlies (4),,,MEM (-200),LAC (+170)
2012,NBA,Eastern Conf Semifinals,"May 13 - May 24, 2012",,Miami Heat (2),,,Indiana Pacers (3),,,MIA (-950),IND (+625)
2012,NBA,Eastern Conf Semifinals,"May 12 - May 26, 2012",,Boston Celtics (4),,,Philadelphia 76ers (8),,,BOS (-205),PHI (+175)
2012,NBA,Western Conf Semifinals,"May 15 - May 20, 2012",,San Antonio Spurs (1),,,Los Angeles Clippers (5),,,SAS (-2500),LAC (+1000)
2012,NBA,Western Conf Semifinals,"May 14 - May 21, 2012",,Oklahoma City Thunder (2),,,Los Angeles Lakers (3),,,OKC (-450),LAL (+350)
2012,NBA,Western Conf Finals,"May 27 - Jun 6, 2012",,Oklahoma City Thunder (2),,,San Antonio Spurs (1),,,SAS (-205),OKC (+175)
2012,NBA,Eastern Conf Finals,"May 28 - Jun 9, 2012",,Miami Heat (2),,,Boston Celtics (4),,,MIA (-530),BOS (+400)
2012,NBA,Finals,"Jun 12 - Jun 21, 2012",,Miami Heat (2),,,Oklahoma City Thunder (2),,,OKC (-175),MIA (+155)
Yr,Lg,Series, , ,Team,W, ,Team,W, ,Favorite,Underdog
2011,NBA,Eastern Conf First Round,"Apr 16 - Apr 26, 2011",,Chicago Bulls (1),,,Indiana Pacers (8),,,CHI (-4000),IND (+1200)
2011,NBA,Eastern Conf First Round,"Apr 16 - Apr 27, 2011",,Miami Heat (2),,,Philadelphia 76ers (7),,,MIA (-2500),PHI (+1000)
2011,NBA,Eastern Conf First Round,"Apr 17 - Apr 24, 2011",,Boston Celtics (3),,,New York Knicks (6),,,BOS (-350),NYK (+250)
2011,NBA,Eastern Conf First Round,"Apr 16 - Apr 28, 2011",,Atlanta Hawks (5),,,Orlando Magic (4),,,ORL (-650),ATL (+425)
2011,NBA,Western Conf First Round,"Apr 17 - Apr 29, 2011",,Memphis Grizzlies (8),,,San Antonio Spurs (1),,,SAS (-390),MEM (+280)
2011,NBA,Western Conf First Round,"Apr 17 - Apr 28, 2011",,Los Angeles Lakers (2),,,New Orleans Hornets (7),,,LAL (-2500),NOH (+1000)
2011,NBA,Western Conf First Round,"Apr 16 - Apr 28, 2011",,Dallas Mavericks (3),,,Portland Trail Blazers (6),,,DAL (-200),POR (+160)
2011,NBA,Western Conf First Round,"Apr 17 - Apr 27, 2011",,Oklahoma City Thunder (4),,,Denver Nuggets (5),,,OKC (-220),DEN (+170)
2011,NBA,Eastern Conf Semifinals,"May 2 - May 12, 2011",,Chicago Bulls (1),,,Atlanta Hawks (5),,,CHI (-800),ATL (+550)
2011,NBA,Eastern Conf Semifinals,"May 1 - May 11, 2011",,Miami Heat (2),,,Boston Celtics (3),,,MIA (-190),BOS (+165)
2011,NBA,Western Conf Semifinals,"May 2 - May 8, 2011",,Dallas Mavericks (3),,,Los Angeles Lakers (2),,,LAL (-360),DAL (+280)
2011,NBA,Western Conf Semifinals,"May 1 - May 15, 2011",,Oklahoma City Thunder (4),,,Memphis Grizzlies (8),,,OKC (-350),MEM (+275)
2011,NBA,Eastern Conf Finals,"May 15 - May 26, 2011",,Miami Heat (2),,,Chicago Bulls (1),,,MIA (-190),CHI (+160)
2011,NBA,Western Conf Finals,"May 17 - May 25, 2011",,Dallas Mavericks (3),,,Oklahoma City Thunder (4),,,DAL (-240),OKC (+200)
2011,NBA,Finals,"May 31 - Jun 12, 2011",,Dallas Mavericks (3),,,Miami Heat (2),,,MIA (-175),DAL (+155)
,,,,,,,,,,,,
2010,NBA,Eastern Conf First Round,"Apr 17 - Apr 27, 2010",,Cleveland Cavaliers (1),,,Chicago Bulls (8),,,CLE (-3000),CHI (+1400)
2010,NBA,Eastern Conf First Round,"Apr 18 - Apr 26, 2010",,Orlando Magic (2),,,Charlotte Bobcats (7),,,ORL (-1000),CHA (+650)
2010,NBA,Eastern Conf First Round,"Apr 17 - May 2, 2010",,Atlanta Hawks (3),,,Milwaukee Bucks (6),,,ATL (-750),MIL (+550)
2010,NBA,Eastern Conf First Round,"Apr 17 - Apr 27, 2010",,Boston Celtics (4),,,Miami Heat (5),,,BOS (-175),MIA (+155)
2010,NBA,Western Conf First Round,"Apr 18 - Apr 30, 2010",,Los Angeles Lakers (1),,,Oklahoma City Thunder (8),,,LAL (-800),OKC (+600)
2010,NBA,Western Conf First Round,"Apr 18 - Apr 29, 2010",,San Antonio Spurs (7),,,Dallas Mavericks (2),,,DAL (-150),SAS (+130)
2010,NBA,Western Conf First Round,"Apr 18 - Apr 29, 2010",,Phoenix Suns (3),,,Portland Trail Blazers (6),,,PHO (-500),POR (+400)
2010,NBA,Western Conf First Round,"Apr 17 - Apr 30, 2010",,Utah Jazz (5),,,Denver Nuggets (4),,,DEN (-175),UTA (+150)
2010,NBA,Eastern Conf Semifinals,"May 1 - May 13, 2010",,Boston Celtics (4),,,Cleveland Cavaliers (1),,,CLE (-480),BOS (+380)
2010,NBA,Eastern Conf Semifinals,"May 4 - May 10, 2010",,Orlando Magic (2),,,Atlanta Hawks (3),,,ORL (-800),ATL (+550)
2010,NBA,Western Conf Semifinals,"May 2 - May 10, 2010",,Los Angeles Lakers (1),,,Utah Jazz (5),,,LAL (-420),UTA (+310)
2010,NBA,Western Conf Semifinals,"May 3 - May 9, 2010",,Phoenix Suns (3),,,San Antonio Spurs (7),,,PHO (-140),SAS (+120)
2010,NBA,Western Conf Finals,"May 17 - May 29, 2010",,Los Angeles Lakers (1),,,Phoenix Suns (3),,,LAL (-340),PHO (+270)
2010,NBA,Eastern Conf Finals,"May 16 - May 28, 2010",,Boston Celtics (4),,,Orlando Magic (2),,,ORL (-260),BOS (+220)
2010,NBA,Finals,"Jun 3 - Jun 17, 2010",,Los Angeles Lakers (1),,,Boston Celtics (4),,,LAL (-190),BOS (+165)
,,,,,,,,,,,,
2009,NBA,Eastern Conf First Round,"Apr 18 - Apr 26, 2009",,Cleveland Cavaliers (1),,,Detroit Pistons (8),,,CLE (-5000),DET (+3000)
2009,NBA,Eastern Conf First Round,"Apr 18 - May 2, 2009",,Boston Celtics (2),,,Chicago Bulls (7),,,BOS (-545),CHI (+405)
2009,NBA,Eastern Conf First Round,"Apr 19 - Apr 30, 2009",,Orlando Magic (3),,,Philadelphia 76ers (6),,,ORL (-1400),PHI (+800)
2009,NBA,Eastern Conf First Round,"Apr 19 - May 3, 2009",,Atlanta Hawks (4),,,Miami Heat (5),,,ATL (-145),MIA (+125)
2009,NBA,Western Conf First Round,"Apr 19 - Apr 27, 2009",,Los Angeles Lakers (1),,,Utah Jazz (8),,,LAL (-2000),UTA (+1200)
2009,NBA,Western Conf First Round,"Apr 19 - Apr 29, 2009",,Denver Nuggets (2),,,New Orleans Hornets (7),,,DEN (-210),NOH (+175)
2009,NBA,Western Conf First Round,"Apr 18 - Apr 28, 2009",,Dallas Mavericks (6),,,San Antonio Spurs (3),,,SAS (-190),DAL (+160)
2009,NBA,Western Conf First Round,"Apr 18 - Apr 30, 2009",,Houston Rockets (5),,,Portland Trail Blazers (4),,,POR (-175),HOU (+150)
2009,NBA,Western Conf Semifinals,"May 4 - May 17, 2009",,Los Angeles Lakers (1),,,Houston Rockets (5),,,LAL (-1100),HOU (+700)
2009,NBA,Western Conf Semifinals,"May 3 - May 13, 2009",,Denver Nuggets (2),,,Dallas Mavericks (6),,,DEN (-240),DAL (+200)
2009,NBA,Eastern Conf Semifinals,"May 5 - May 11, 2009",,Cleveland Cavaliers (1),,,Atlanta Hawks (4),,,CLE (-2450),ATL (+1000)
2009,NBA,Eastern Conf Semifinals,"May 4 - May 17, 2009",,Orlando Magic (3),,,Boston Celtics (2),,,BOS (-120),ORL (+100)
2009,NBA,Eastern Conf Finals,"May 20 - May 30, 2009",,Orlando Magic (3),,,Cleveland Cavaliers (1),,,CLE (-700),ORL (+550)
2009,NBA,Western Conf Finals,"May 19 - May 29, 2009",,Los Angeles Lakers (1),,,Denver Nuggets (2),,,LAL (-250),DEN (+210)
2009,NBA,Finals,"Jun 4 - Jun 14, 2009",,Los Angeles Lakers (1),,,Orlando Magic (3),,,LAL (-280),ORL (+240)
Yr,Lg,Series, , ,Team,W, ,Team,W, ,Favorite,Underdog
2008,NBA,Eastern Conf First Round,"Apr 20 - May 4, 2008",,Boston Celtics (1),,,Atlanta Hawks (8),,,BOS (-8000),ATL (+4000)
2008,NBA,Eastern Conf First Round,"Apr 20 - May 1, 2008",,Detroit Pistons (2),,,Philadelphia 76ers (7),,,DET (-1300),PHI (+850)
2008,NBA,Eastern Conf First Round,"Apr 20 - Apr 28, 2008",,Orlando Magic (3),,,Toronto Raptors (6),,,ORL (-310),TOR (+260)
2008,NBA,Eastern Conf First Round,"Apr 19 - May 2, 2008",,Cleveland Cavaliers (4),,,Washington Wizards (5),,,CLE (-115),WAS (-105)
2008,NBA,Western Conf First Round,"Apr 20 - Apr 28, 2008",,Los Angeles Lakers (1),,,Denver Nuggets (8),,,LAL (-560),DEN (+460)
2008,NBA,Western Conf First Round,"Apr 19 - Apr 29, 2008",,New Orleans Hornets (2),,,Dallas Mavericks (7),,,NOH (-145),DAL (+125)
2008,NBA,Western Conf First Round,"Apr 19 - Apr 29, 2008",,San Antonio Spurs (3),,,Phoenix Suns (6),,,SAS (-140),PHO (+120)
2008,NBA,Western Conf First Round,"Apr 19 - May 2, 2008",,Utah Jazz (4),,,Houston Rockets (5),,,UTA (-215),HOU (+185)
2008,NBA,Eastern Conf Semifinals,"May 6 - May 18, 2008",,Boston Celtics (1),,,Cleveland Cavaliers (4),,,BOS (-900),CLE (+600)
2008,NBA,Eastern Conf Semifinals,"May 3 - May 13, 2008",,Detroit Pistons (2),,,Orlando Magic (3),,,DET (-305),ORL (+255)
2008,NBA,Western Conf Semifinals,"May 4 - May 16, 2008",,Los Angeles Lakers (1),,,Utah Jazz (4),,,LAL (-350),UTA (+290)
2008,NBA,Western Conf Semifinals,"May 3 - May 19, 2008",,San Antonio Spurs (3),,,New Orleans Hornets (2),,,SAS (-135),NOH (+115)
2008,NBA,Eastern Conf Finals,"May 20 - May 30, 2008",,Boston Celtics (1),,,Detroit Pistons (2),,,BOS (-135),DET (+115)
2008,NBA,Western Conf Finals,"May 21 - May 29, 2008",,Los Angeles Lakers (1),,,San Antonio Spurs (3),,,LAL (-250),SAS (+210)
2008,NBA,Finals,"Jun 5 - Jun 17, 2008",,Boston Celtics (1),,,Los Angeles Lakers (1),,,LAL (-180),BOS (+160)
,,,,,,,,,,,,
2007,NBA,Eastern Conf First Round,"Apr 21 - Apr 29, 2007",,Chicago Bulls (5),,,Miami Heat (4),,,CHI (-140),MIA (+120)
2007,NBA,Eastern Conf First Round,"Apr 22 - Apr 30, 2007",,Cleveland Cavaliers (2),,,Washington Wizards (7),,,CLE (-2400),WAS (+1600)
2007,NBA,Eastern Conf First Round,"Apr 21 - Apr 28, 2007",,Detroit Pistons (1),,,Orlando Magic (8),,,DET (-2200),ORL (+1400)
2007,NBA,Eastern Conf First Round,"Apr 21 - May 4, 2007",,New Jersey Nets (6),,,Toronto Raptors (3),,,TOR (-165),NJN (+145)
2007,NBA,Western Conf First Round,"Apr 22 - May 3, 2007",,Golden State Warriors (8),,,Dallas Mavericks (1),,,DAL (-1800),GSW (+1200)
2007,NBA,Western Conf First Round,"Apr 22 - May 2, 2007",,Phoenix Suns (2),,,Los Angeles Lakers (7),,,PHO (-1600),LAL (+1000)
2007,NBA,Western Conf First Round,"Apr 22 - May 2, 2007",,San Antonio Spurs (3),,,Denver Nuggets (6),,,SAS (-750),DEN (+550)
2007,NBA,Western Conf First Round,"Apr 21 - May 5, 2007",,Utah Jazz (4),,,Houston Rockets (5),,,HOU (-240),UTA (+200)
2007,NBA,Eastern Conf Semifinals,"May 6 - May 18, 2007",,Cleveland Cavaliers (2),,,New Jersey Nets (6),,,CLE (-260),NJN (+220)
2007,NBA,Eastern Conf Semifinals,"May 5 - May 17, 2007",,Detroit Pistons (1),,,Chicago Bulls (5),,,DET (-175),CHI (+155)
2007,NBA,Western Conf Semifinals,"May 6 - May 18, 2007",,San Antonio Spurs (3),,,Phoenix Suns (2),,,PHO (-150),SAS (+130)
2007,NBA,Western Conf Semifinals,"May 7 - May 15, 2007",,Utah Jazz (4),,,Golden State Warriors (8),,,UTA (-135),GSW (+115)
2007,NBA,Eastern Conf Finals,"May 21 - Jun 2, 2007",,Cleveland Cavaliers (2),,,Detroit Pistons (1),,,DET (-330),CLE (+270)
2007,NBA,Western Conf Finals,"May 20 - May 30, 2007",,San Antonio Spurs (3),,,Utah Jazz (4),,,SAS (-440),UTA (+350)
2007,NBA,Finals,"Jun 7 - Jun 14, 2007",,San Antonio Spurs (3),,,Cleveland Cavaliers (2),,,SAS (-450),CLE (+360)
,,,,,,,,,,,,
2006,NBA,Eastern Conf First Round,"Apr 22 - May 5, 2006",,Cleveland Cavaliers (4),,,Washington Wizards (5),,,CLE (-180),WAS (+160)
2006,NBA,Eastern Conf First Round,"Apr 23 - May 3, 2006",,Detroit Pistons (1),,,Milwaukee Bucks (8),,,DET (-5500),MIL (+3250)
2006,NBA,Eastern Conf First Round,"Apr 22 - May 4, 2006",,Miami Heat (2),,,Chicago Bulls (7),,,MIA (-850),CHI (+625)
2006,NBA,Eastern Conf First Round,"Apr 23 - May 4, 2006",,New Jersey Nets (3),,,Indiana Pacers (6),,,NJN (-325),IND (+275)
2006,NBA,Western Conf First Round,"Apr 23 - May 1, 2006",,Dallas Mavericks (4),,,Memphis Grizzlies (5),,,DAL (-725),MEM (+525)
2006,NBA,Western Conf First Round,"Apr 22 - May 1, 2006",,Los Angeles Clippers (6),,,Denver Nuggets (3),,,LAC (-185),DEN (+145)
2006,NBA,Western Conf First Round,"Apr 23 - May 6, 2006",,Phoenix Suns (2),,,Los Angeles Lakers (7),,,PHO (-360),LAL (+300)
2006,NBA,Western Conf First Round,"Apr 22 - May 5, 2006",,San Antonio Spurs (1),,,Sacramento Kings (8),,,SAS (-1050),SAC (+725)
2006,NBA,Eastern Conf Semifinals,"May 7 - May 21, 2006",,Detroit Pistons (1),,,Cleveland Cavaliers (4),,,DET (-2000),CLE (+1200)
2006,NBA,Eastern Conf Semifinals,"May 8 - May 16, 2006",,Miami Heat (2),,,New Jersey Nets (3),,,MIA (-190),NJN (+160)
2006,NBA,Western Conf Semifinals,"May 7 - May 22, 2006",,Dallas Mavericks (4),,,San Antonio Spurs (1),,,SAS (-180),DAL (+150)
2006,NBA,Western Conf Semifinals,"May 8 - May 22, 2006",,Phoenix Suns (2),,,Los Angeles Clippers (6),,,PHO (-205),LAC (+185)
2006,NBA,Eastern Conf Finals,"May 23 - Jun 2, 2006",,Miami Heat (2),,,Detroit Pistons (1),,,DET (-245),MIA (+205)
2006,NBA,Western Conf Finals,"May 24 - Jun 3, 2006",,Dallas Mavericks (4),,,Phoenix Suns (2),,,DAL (-355),PHO (+295)
2006,NBA,Finals,"Jun 8 - Jun 20, 2006",,Miami Heat (2),,,Dallas Mavericks (4),,,DAL (-150),MIA (+130)
Yr,Lg,Series, , ,Team,W, ,Team,W, ,Favorite,Underdog
2005,NBA,Eastern Conf First Round,"Apr 23 - May 3, 2005",,Detroit Pistons (2),,,Philadelphia 76ers (7),,,DET (-1200),PHI (+800)
2005,NBA,Eastern Conf First Round,"Apr 23 - May 7, 2005",,Indiana Pacers (6),,,Boston Celtics (3),,,BOS (-135),IND (+115)
2005,NBA,Eastern Conf First Round,"Apr 24 - May 1, 2005",,Miami Heat (1),,,New Jersey Nets (8),,,MIA (-1200),NJN (+800)
2005,NBA,Eastern Conf First Round,"Apr 24 - May 6, 2005",,Washington Wizards (5),,,Chicago Bulls (4),,,CHI (-145),WAS (+125)
2005,NBA,Western Conf First Round,"Apr 23 - May 7, 2005",,Dallas Mavericks (4),,,Houston Rockets (5),,,DAL (-220),HOU (+180)
2005,NBA,Western Conf First Round,"Apr 24 - May 1, 2005",,Phoenix Suns (1),,,Memphis Grizzlies (8),,,PHO (-1200),MEM (+800)
2005,NBA,Western Conf First Round,"Apr 24 - May 4, 2005",,San Antonio Spurs (2),,,Denver Nuggets (7),,,SAS (-500),DEN (+400)
2005,NBA,Western Conf First Round,"Apr 23 - May 3, 2005",,Seattle SuperSonics (3),,,Sacramento Kings (6),,,SAC (-120),SEA (+100)
2005,NBA,Eastern Conf Semifinals,"May 9 - May 19, 2005",,Detroit Pistons (2),,,Indiana Pacers (6),,,DET (-1100),IND (+700)
2005,NBA,Eastern Conf Semifinals,"May 8 - May 14, 2005",,Miami Heat (1),,,Washington Wizards (5),,,MIA (-1800),WAS (+1200)
2005,NBA,Western Conf Semifinals,"May 9 - May 20, 2005",,Phoenix Suns (1),,,Dallas Mavericks (4),,,PHO (-300),DAL (+220)
2005,NBA,Western Conf Semifinals,"May 8 - May 19, 2005",,San Antonio Spurs (2),,,Seattle SuperSonics (3),,,SAS (-1200),SEA (+800)
2005,NBA,Eastern Conf Finals,"May 23 - Jun 6, 2005",,Detroit Pistons (2),,,Miami Heat (1),,,MIA (-130),DET (+110)
2005,NBA,Western Conf Finals,"May 22 - Jun 1, 2005",,San Antonio Spurs (2),,,Phoenix Suns (1),,,SAS (-160),PHO (+140)
2005,NBA,Finals,"Jun 9 - Jun 23, 2005",,San Antonio Spurs (2),,,Detroit Pistons (2),,,SAS (-250),DET (+200)
,,,,,,,,,,,,
2004,NBA,Eastern Conf First Round,"Apr 18 - Apr 29, 2004",,Detroit Pistons (3),,,Milwaukee Bucks (6),,,DET (-1780),MIL (+1430)
2004,NBA,Eastern Conf First Round,"Apr 17 - Apr 25, 2004",,Indiana Pacers (1),,,Boston Celtics (8),,,IND (-1980),BOS (+1520)
2004,NBA,Eastern Conf First Round,"Apr 18 - May 4, 2004",,Miami Heat (4),,,New Orleans Hornets (5),,,MIA (-277),NOH (+243)
2004,NBA,Eastern Conf First Round,"Apr 17 - Apr 25, 2004",,New Jersey Nets (2),,,New York Knicks (7),,,NJN (-580),NYK (+500)
2004,NBA,Western Conf First Round,"Apr 17 - Apr 28, 2004",,Los Angeles Lakers (2),,,Houston Rockets (7),,,LAL (-1080),HOU (+920)
2004,NBA,Western Conf First Round,"Apr 18 - Apr 30, 2004",,Minnesota Timberwolves (1),,,Denver Nuggets (8),,,MIN (-1920),DEN (+1540)
2004,NBA,Western Conf First Round,"Apr 18 - Apr 29, 2004",,Sacramento Kings (4),,,Dallas Mavericks (5),,,SAC (-164),DAL (+148)
2004,NBA,Western Conf First Round,"Apr 17 - Apr 25, 2004",,San Antonio Spurs (3),,,Memphis Grizzlies (6),,,SAS (-1080),MEM (+920)
2004,NBA,Eastern Conf Semifinals,"May 3 - May 20, 2004",,Detroit Pistons (3),,,New Jersey Nets (2),,,DET (-210),NJN (+180)
2004,NBA,Eastern Conf Semifinals,"May 6 - May 18, 2004",,Indiana Pacers (1),,,Miami Heat (4),,,IND (-2300),MIA (+1600)
2004,NBA,Western Conf Semifinals,"May 2 - May 15, 2004",,Los Angeles Lakers (2),,,San Antonio Spurs (3),,,SAS (-240),LAL (+200)
2004,NBA,Western Conf Semifinals,"May 4 - May 19, 2004",,Minnesota Timberwolves (1),,,Sacramento Kings (4),,,MIN (-160),SAC (+140)
2004,NBA,Eastern Conf Finals,"May 22 - Jun 1, 2004",,Detroit Pistons (3),,,Indiana Pacers (1),,,IND (-165),DET (+145)
2004,NBA,Western Conf Finals,"May 21 - May 31, 2004",,Los Angeles Lakers (2),,,Minnesota Timberwolves (1),,,LAL (-330),MIN (+270)
2004,NBA,Finals,"Jun 6 - Jun 15, 2004",,Detroit Pistons (3),,,Los Angeles Lakers (2),,,LAL (-700),DET (+500)
,,,,,,,,,,,,
2003,NBA,Eastern Conf First Round,"Apr 19 - May 1, 2003",,Boston Celtics (6),,,Indiana Pacers (3),,,IND (-340),BOS (+280)
2003,NBA,Eastern Conf First Round,"Apr 20 - May 4, 2003",,Detroit Pistons (1),,,Orlando Magic (8),,,DET (-220),ORL (+180)
2003,NBA,Eastern Conf First Round,"Apr 19 - May 1, 2003",,New Jersey Nets (2),,,Milwaukee Bucks (7),,,NJN (-280),MIL (+230)
2003,NBA,Eastern Conf First Round,"Apr 20 - May 2, 2003",,Philadelphia 76ers (4),,,New Orleans Hornets (5),,,PHI (-179),NOH (+150)
2003,NBA,Western Conf First Round,"Apr 19 - May 4, 2003",,Dallas Mavericks (3),,,Portland Trail Blazers (6),,,DAL (-400),POR (+320)
2003,NBA,Western Conf First Round,"Apr 20 - May 1, 2003",,Los Angeles Lakers (5),,,Minnesota Timberwolves (4),,,LAL (-400),MIN (+320)
2003,NBA,Western Conf First Round,"Apr 19 - Apr 30, 2003",,Sacramento Kings (2),,,Utah Jazz (7),,,SAC (-1400),UTA (+1000)
2003,NBA,Western Conf First Round,"Apr 19 - May 1, 2003",,San Antonio Spurs (1),,,Phoenix Suns (8),,,SAS (-1000),PHO (+700)
2003,NBA,Eastern Conf Semifinals,"May 6 - May 16, 2003",,Detroit Pistons (1),,,Philadelphia 76ers (4),,,PHI (-150),DET (+130)
2003,NBA,Eastern Conf Semifinals,"May 5 - May 12, 2003",,New Jersey Nets (2),,,Boston Celtics (6),,,NJN (-380),BOS (+320)
2003,NBA,Western Conf Semifinals,"May 6 - May 17, 2003",,Dallas Mavericks (3),,,Sacramento Kings (2),,,SAC (-280),DAL (+240)
2003,NBA,Western Conf Semifinals,"May 5 - May 15, 2003",,San Antonio Spurs (1),,,Los Angeles Lakers (5),,,LAL (-145),SAS (+125)
2003,NBA,Eastern Conf Finals,"May 18 - May 24, 2003",,New Jersey Nets (2),,,Detroit Pistons (1),,,NJN (-300),DET (+250)
2003,NBA,Western Conf Finals,"May 19 - May 29, 2003",,San Antonio Spurs (1),,,Dallas Mavericks (3),,,SAS (-380),DAL (+320)
2003,NBA,Finals,"Jun 4 - Jun 15, 2003",,San Antonio Spurs (1),,,New Jersey Nets (2),,,SAS (-330),NJN (+260)
Yr,Lg,Series, , ,Team,W, ,Team,W, ,Favorite,Underdog
2002,NBA,Eastern Conf First Round,"Apr 21 - May 3, 2002",,Boston Celtics (3),,,Philadelphia 76ers (6),,,BOS (-200),PHI (+170)
2002,NBA,Eastern Conf First Round,"Apr 20 - Apr 30, 2002",,Charlotte Hornets (4),,,Orlando Magic (5),,,CHH (-300),ORL (+250)
2002,NBA,Eastern Conf First Round,"Apr 21 - May 2, 2002",,Detroit Pistons (2),,,Toronto Raptors (7),,,DET (-450),TOR (+325)
2002,NBA,Eastern Conf First Round,"Apr 20 - May 2, 2002",,New Jersey Nets (1),,,Indiana Pacers (8),,,NJN (-400),IND (+300)
2002,NBA,Western Conf First Round,"Apr 21 - Apr 28, 2002",,Dallas Mavericks (4),,,Minnesota Timberwolves (5),,,DAL (-500),MIN (+400)
2002,NBA,Western Conf First Round,"Apr 21 - Apr 28, 2002",,Los Angeles Lakers (3),,,Portland Trail Blazers (6),,,LAL (-600),POR (+450)
2002,NBA,Western Conf First Round,"Apr 20 - Apr 29, 2002",,Sacramento Kings (1),,,Utah Jazz (8),,,SAC (-2000),UTA (+1400)
2002,NBA,Western Conf First Round,"Apr 20 - May 3, 2002",,San Antonio Spurs (2),,,Seattle SuperSonics (7),,,SAS (-750),SEA (+550)
2002,NBA,Eastern Conf Semifinals,"May 5 - May 14, 2002",,Boston Celtics (3),,,Detroit Pistons (2),,,DET (-125),BOS (+105)
2002,NBA,Eastern Conf Semifinals,"May 5 - May 15, 2002",,New Jersey Nets (1),,,Charlotte Hornets (4),,,NJN (-160),CHH (+140)
2002,NBA,Western Conf Semifinals,"May 5 - May 14, 2002",,Los Angeles Lakers (3),,,San Antonio Spurs (2),,,LAL (-650),SAS (+450)
2002,NBA,Western Conf Semifinals,"May 4 - May 13, 2002",,Sacramento Kings (1),,,Dallas Mavericks (4),,,SAC (-155),DAL (+135)
2002,NBA,Eastern Conf Finals,"May 19 - May 31, 2002",,New Jersey Nets (1),,,Boston Celtics (3),,,NJN (-135),BOS (+115)
2002,NBA,Western Conf Finals,"May 18 - Jun 2, 2002",,Los Angeles Lakers (3),,,Sacramento Kings (1),,,LAL (-230),SAC (+190)
2002,NBA,Finals,"Jun 5 - Jun 12, 2002",,Los Angeles Lakers (3),,,New Jersey Nets (1),,,LAL (-750),NJN (+550)
,,,,,,,,,,,,
2001,NBA,Eastern Conf First Round,"Apr 21 - Apr 27, 2001",,Charlotte Hornets (6),,,Miami Heat (3),,,MIA (-180),CHH (+160)
2001,NBA,Eastern Conf First Round,"Apr 22 - May 1, 2001",,Milwaukee Bucks (2),,,Orlando Magic (7),,,MIL (-500),ORL (+350)
2001,NBA,Eastern Conf First Round,"Apr 21 - May 2, 2001",,Philadelphia 76ers (1),,,Indiana Pacers (8),,,PHI (-600),IND (+400)
2001,NBA,Eastern Conf First Round,"Apr 22 - May 4, 2001",,Toronto Raptors (5),,,New York Knicks (4),,,NYK (-170),TOR (+150)
2001,NBA,Western Conf First Round,"Apr 21 - May 3, 2001",,Dallas Mavericks (5),,,Utah Jazz (4),,,UTA (-180),DAL (+160)
2001,NBA,Western Conf First Round,"Apr 22 - Apr 29, 2001",,Los Angeles Lakers (2),,,Portland Trail Blazers (7),,,LAL (-400),POR (+300)
2001,NBA,Western Conf First Round,"Apr 22 - May 2, 2001",,Sacramento Kings (3),,,Phoenix Suns (6),,,SAC (-400),PHO (+300)
2001,NBA,Western Conf First Round,"Apr 21 - Apr 30, 2001",,San Antonio Spurs (1),,,Minnesota Timberwolves (8),,,SAS (-900),MIN (+600)
2001,NBA,Eastern Conf Semifinals,"May 6 - May 20, 2001",,Milwaukee Bucks (2),,,Charlotte Hornets (6),,,MIL (-230),CHH (+190)
2001,NBA,Eastern Conf Semifinals,"May 6 - May 20, 2001",,Philadelphia 76ers (1),,,Toronto Raptors (5),,,PHI (-340),TOR (+280)
2001,NBA,Western Conf Semifinals,"May 6 - May 13, 2001",,Los Angeles Lakers (2),,,Sacramento Kings (3),,,LAL (-360),SAC (+290)
2001,NBA,Western Conf Semifinals,"May 5 - May 14, 2001",,San Antonio Spurs (1),,,Dallas Mavericks (5),,,SAS (-650),DAL (+450)
2001,NBA,Eastern Conf Finals,"May 22 - Jun 3, 2001",,Philadelphia 76ers (1),,,Milwaukee Bucks (2),,,PHI (-180),MIL (+160)
2001,NBA,Western Conf Finals,"May 19 - May 27, 2001",,Los Angeles Lakers (2),,,San Antonio Spurs (1),,,LAL (-145),SAS (+125)
2001,NBA,Finals,"Jun 6 - Jun 15, 2001",,Los Angeles Lakers (2),,,Philadelphia 76ers (1),,,LAL (-2000),PHI (+1600)
,,,,,,,,,,,,
2000,NBA,Eastern Conf First Round,"Apr 23 - May 4, 2000",,Indiana Pacers (1),,,Milwaukee Bucks (8),,,IND (-800),MIL (+550)
2000,NBA,Eastern Conf First Round,"Apr 22 - Apr 29, 2000",,Miami Heat (2),,,Detroit Pistons (7),,,MIA (-1200),DET (+1000)
2000,NBA,Eastern Conf First Round,"Apr 23 - Apr 30, 2000",,New York Knicks (3),,,Toronto Raptors (6),,,NYK (-230),TOR (+190)
2000,NBA,Eastern Conf First Round,"Apr 22 - May 1, 2000",,Philadelphia 76ers (5),,,Charlotte Hornets (4),,,CHH (-140),PHI (+120)
2000,NBA,Western Conf First Round,"Apr 23 - May 5, 2000",,Los Angeles Lakers (1),,,Sacramento Kings (8),,,LAL (-2000),SAC (+1200)
2000,NBA,Western Conf First Round,"Apr 22 - May 2, 2000",,Phoenix Suns (5),,,San Antonio Spurs (4),,,PHO (-1200),SAS (+115)
2000,NBA,Western Conf First Round,"Apr 23 - May 2, 2000",,Portland Trail Blazers (3),,,Minnesota Timberwolves (6),,,POR (-330),MIN (+250)
2000,NBA,Western Conf First Round,"Apr 22 - May 5, 2000",,Utah Jazz (2),,,Seattle SuperSonics (7),,,UTA (-650),SEA (+450)
2000,NBA,Eastern Conf Semifinals,"May 6 - May 19, 2000",,Indiana Pacers (1),,,Philadelphia 76ers (5),,,IND (-185),PHI (+165)
2000,NBA,Eastern Conf Semifinals,"May 7 - May 21, 2000",,New York Knicks (3),,,Miami Heat (2),,,MIA (-155),NYK (+135)
2000,NBA,Western Conf Semifinals,"May 7 - May 16, 2000",,Los Angeles Lakers (1),,,Phoenix Suns (5),,,LAL (-2200),PHO (+1500)
2000,NBA,Western Conf Semifinals,"May 7 - May 16, 2000",,Portland Trail Blazers (3),,,Utah Jazz (2),,,POR (-240),UTA (+190)
2000,NBA,Eastern Conf Finals,"May 23 - Jun 2, 2000",,Indiana Pacers (1),,,New York Knicks (3),,,IND (-260),NYK (+220)
2000,NBA,Western Conf Finals,"May 20 - Jun 4, 2000",,Los Angeles Lakers (1),,,Portland Trail Blazers (3),,,LAL (-340),POR (+280)
2000,NBA,Finals,"Jun 7 - Jun 19, 2000",,Los Angeles Lakers (1),,,Indiana Pacers (1),,,LAL (-800),IND (+550)
Yr,Lg,Series, , ,Team,W, ,Team,W, ,Favorite,Underdog
1999,NBA,Eastern Conf First Round,"May 8 - May 16, 1999",,Atlanta Hawks (4),,,Detroit Pistons (5),,,ATL (-160),DET (+140)
1999,NBA,Eastern Conf First Round,"May 9 - May 13, 1999",,Indiana Pacers (2),,,Milwaukee Bucks (7),,,IND (-400),MIL (+300)
1999,NBA,Eastern Conf First Round,"May 8 - May 16, 1999",,New York Knicks (8),,,Miami Heat (1),,,MIA (-280),NYK (+230)
1999,NBA,Eastern Conf First Round,"May 9 - May 15, 1999",,Philadelphia 76ers (6),,,Orlando Magic (3),,,ORL (-210),PHI (+175)
1999,NBA,Western Conf First Round,"May 9 - May 15, 1999",,Los Angeles Lakers (4),,,Houston Rockets (5),,,LAL (-165),HOU (+145)
1999,NBA,Western Conf First Round,"May 8 - May 12, 1999",,Portland Trail Blazers (2),,,Phoenix Suns (7),,,POR (-500),PHO (+350)
1999,NBA,Western Conf First Round,"May 9 - May 15, 1999",,San Antonio Spurs (1),,,Minnesota Timberwolves (8),,,SAS (-1500),MIN (+1000)
1999,NBA,Western Conf First Round,"May 8 - May 16, 1999",,Utah Jazz (3),,,Sacramento Kings (6),,,UTA (-1000),SAC (+700)
1999,NBA,Eastern Conf Semifinals,"May 17 - May 23, 1999",,Indiana Pacers (2),,,Philadelphia 76ers (6),,,IND (-400),PHI (+300)
1999,NBA,Eastern Conf Semifinals,"May 18 - May 24, 1999",,New York Knicks (8),,,Atlanta Hawks (4),,,ATL (-135),NYK (+115)
1999,NBA,Western Conf Semifinals,"May 18 - May 27, 1999",,Portland Trail Blazers (2),,,Utah Jazz (3),,,UTA (-125),POR (+105)
1999,NBA,Western Conf Semifinals,"May 17 - May 23, 1999",,San Antonio Spurs (1),,,Los Angeles Lakers (4),,,SAS (-220),LAL (+180)
1999,NBA,Eastern Conf Finals,"May 30 - Jun 11, 1999",,New York Knicks (8),,,Indiana Pacers (2),,,IND (-240),NYK (+200)
1999,NBA,Western Conf Finals,"May 29 - Jun 6, 1999",,San Antonio Spurs (1),,,Portland Trail Blazers (2),,,SAS (-200),POR (+170)
1999,NBA,Finals,"Jun 16 - Jun 25, 1999",,San Antonio Spurs (1),,,New York Knicks (8),,,SAS (-900),NYK (+600)
,,,,,,,,,,,,
1998,NBA,Eastern Conf First Round,"Apr 23 - May 1, 1998",,Charlotte Hornets (4),,,Atlanta Hawks (5),,,CHH (-120),ATL (+100)
1998,NBA,Eastern Conf First Round,"Apr 24 - Apr 29, 1998",,Chicago Bulls (1),,,New Jersey Nets (8),,,CHI (-2500),NJN (+1800)
1998,NBA,Eastern Conf First Round,"Apr 23 - Apr 30, 1998",,Indiana Pacers (3),,,Cleveland Cavaliers (6),,,IND (-450),CLE (+325)
1998,NBA,Eastern Conf First Round,"Apr 24 - May 3, 1998",,New York Knicks (7),,,Miami Heat (2),,,MIA (-500),NYK (+350)
1998,NBA,Western Conf First Round,"Apr 24 - Apr 30, 1998",,Los Angeles Lakers (3),,,Portland Trail Blazers (6),,,LAL (-550),POR (+375)
1998,NBA,Western Conf First Round,"Apr 23 - Apr 29, 1998",,San Antonio Spurs (5),,,Phoenix Suns (4),,,PHO (-135),SAS (+115)
1998,NBA,Western Conf First Round,"Apr 24 - May 2, 1998",,Seattle SuperSonics (2),,,Minnesota Timberwolves (7),,,SEA (-2000),MIN (+1400)
1998,NBA,Western Conf First Round,"Apr 23 - May 3, 1998",,Utah Jazz (1),,,Houston Rockets (8),,,UTA (-850),HOU (+525)
1998,NBA,Eastern Conf Semifinals,"May 3 - May 13, 1998",,Chicago Bulls (1),,,Charlotte Hornets (4),,,CHI (-2000),CHH (+1400)
1998,NBA,Eastern Conf Semifinals,"May 5 - May 13, 1998",,Indiana Pacers (3),,,New York Knicks (7),,,IND (-1100),NYK (+700)
1998,NBA,Western Conf Semifinals,"May 4 - May 12, 1998",,Los Angeles Lakers (3),,,Seattle SuperSonics (2),,,LAL (-115),SEA (-105)
1998,NBA,Western Conf Semifinals,"May 5 - May 12, 1998",,Utah Jazz (1),,,San Antonio Spurs (5),,,UTA (-270),SAS (+210)
1998,NBA,Eastern Conf Finals,"May 17 - May 31, 1998",,Chicago Bulls (1),,,Indiana Pacers (3),,,CHI (-600),IND (+400)
1998,NBA,Western Conf Finals,"May 16 - May 24, 1998",,Utah Jazz (1),,,Los Angeles Lakers (3),,,LAL (-130),UTA (+110)
1998,NBA,Finals,"Jun 3 - Jun 14, 1998",,Chicago Bulls (1),,,Utah Jazz (1),,,CHI (-125),UTA (+105)
,,,,,,,,,,,,
1997,NBA,Eastern Conf First Round,"Apr 25 - May 4, 1997",,Atlanta Hawks (4),,,Detroit Pistons (5),,,ATL (-170),DET (+150)
1997,NBA,Eastern Conf First Round,"Apr 25 - Apr 30, 1997",,Chicago Bulls (1),,,Washington Bullets (8),,,CHI (-2500),WSB (+1800)
1997,NBA,Eastern Conf First Round,"Apr 24 - May 4, 1997",,Miami Heat (2),,,Orlando Magic (7),,,MIA (-400),ORL (+300)
1997,NBA,Eastern Conf First Round,"Apr 24 - Apr 28, 1997",,New York Knicks (3),,,Charlotte Hornets (6),,,NYK (-250),CHH (+200)
1997,NBA,Western Conf First Round,"Apr 24 - Apr 29, 1997",,Houston Rockets (3),,,Minnesota Timberwolves (6),,,HOU (-1300),MIN (+800)
1997,NBA,Western Conf First Round,"Apr 25 - May 2, 1997",,Los Angeles Lakers (4),,,Portland Trail Blazers (5),,,LAL (-330),POR (+250)
1997,NBA,Western Conf First Round,"Apr 25 - May 3, 1997",,Seattle SuperSonics (2),,,Phoenix Suns (7),,,SEA (-650),PHO (+450)
1997,NBA,Western Conf First Round,"Apr 24 - Apr 28, 1997",,Utah Jazz (1),,,Los Angeles Clippers (8),,,UTA (-3300),LAC (+2200)
1997,NBA,Eastern Conf Semifinals,"May 6 - May 13, 1997",,Chicago Bulls (1),,,Atlanta Hawks (4),,,CHI (-1700),ATL (+1100)
1997,NBA,Eastern Conf Semifinals,"May 7 - May 18, 1997",,Miami Heat (2),,,New York Knicks (3),,,MIA (-145),NYK (+125)
1997,NBA,Western Conf Semifinals,"May 5 - May 17, 1997",,Houston Rockets (3),,,Seattle SuperSonics (2),,,HOU (-130),SEA (+110)
1997,NBA,Western Conf Semifinals,"May 4 - May 12, 1997",,Utah Jazz (1),,,Los Angeles Lakers (4),,,UTA (-270),LAL (+210)
1997,NBA,Eastern Conf Finals,"May 20 - May 28, 1997",,Chicago Bulls (1),,,Miami Heat (2),,,CHI (-1700),MIA (+1100)
1997,NBA,Western Conf Finals,"May 19 - May 29, 1997",,Utah Jazz (1),,,Houston Rockets (3),,,UTA (-220),HOU (+180)
1997,NBA,Finals,"Jun 1 - Jun 13, 1997",,Chicago Bulls (1),,,Utah Jazz (1),,,CHI (-600),UTA (+400)
Yr,Lg,Series, , ,Team,W, ,Team,W, ,Favorite,Underdog
1996,NBA,Eastern Conf First Round,"Apr 25 - May 5, 1996",,Atlanta Hawks (6),,,Indiana Pacers (3),,,IND (-140),ATL (+120)
1996,NBA,Eastern Conf First Round,"Apr 26 - May 1, 1996",,Chicago Bulls (1),,,Miami Heat (8),,,CHI (-2500),MIA (+1800)
1996,NBA,Eastern Conf First Round,"Apr 25 - May 1, 1996",,New York Knicks (5),,,Cleveland Cavaliers (4),,,CLE (-185),NYK (+165)
1996,NBA,Eastern Conf First Round,"Apr 26 - Apr 30, 1996",,Orlando Magic (2),,,Detroit Pistons (7),,,ORL (-1500),DET (+1000)
1996,NBA,Western Conf First Round,"Apr 25 - May 2, 1996",,Houston Rockets (5),,,Los Angeles Lakers (4),,,LAL (-145),HOU (+125)
1996,NBA,Western Conf First Round,"Apr 26 - May 3, 1996",,San Antonio Spurs (2),,,Phoenix Suns (7),,,SAS (-500),PHO (+350)
1996,NBA,Western Conf First Round,"Apr 26 - May 2, 1996",,Seattle SuperSonics (1),,,Sacramento Kings (8),,,SEA (-2200),SAC (+1500)
1996,NBA,Western Conf First Round,"Apr 25 - May 5, 1996",,Utah Jazz (3),,,Portland Trail Blazers (6),,,UTA (-400),POR (+300)
1996,NBA,Eastern Conf Semifinals,"May 5 - May 14, 1996",,Chicago Bulls (1),,,New York Knicks (5),,,CHI (-3500),NYK (+2200)
1996,NBA,Eastern Conf Semifinals,"May 8 - May 15, 1996",,Orlando Magic (2),,,Atlanta Hawks (6),,,ORL (-150),ATL (+100)
1996,NBA,Western Conf Semifinals,"May 4 - May 12, 1996",,Seattle SuperSonics (1),,,Houston Rockets (5),,,SEA (-200),HOU (+170)
1996,NBA,Western Conf Semifinals,"May 7 - May 16, 1996",,Utah Jazz (3),,,San Antonio Spurs (2),,,UTA (-1000),SAS (+1000)
1996,NBA,Eastern Conf Finals,"May 19 - May 27, 1996",,Chicago Bulls (1),,,Orlando Magic (2),,,CHI (-500),ORL (+350)
1996,NBA,Western Conf Finals,"May 18 - Jun 2, 1996",,Seattle SuperSonics (1),,,Utah Jazz (3),,,SEA (-270),UTA (+210)
1996,NBA,Finals,"Jun 5 - Jun 16, 1996",,Chicago Bulls (1),,,Seattle SuperSonics (1),,,CHI (-950),SEA (+650)
,,,,,,,,,,,,
1995,NBA,Eastern Conf First Round,"Apr 28 - May 4, 1995",,Chicago Bulls (5),,,Charlotte Hornets (4),,,CHI (-360),CHH (+280)
1995,NBA,Eastern Conf First Round,"Apr 27 - May 2, 1995",,Indiana Pacers (2),,,Atlanta Hawks (7),,,IND (-360),ATL (+280)
1995,NBA,Eastern Conf First Round,"Apr 27 - May 4, 1995",,New York Knicks (3),,,Cleveland Cavaliers (6),,,NYK (-400),CLE (+300)
1995,NBA,Eastern Conf First Round,"Apr 28 - May 5, 1995",,Orlando Magic (1),,,Boston Celtics (8),,,ORL (-950),BOS (+650)
1995,NBA,Western Conf First Round,"Apr 27 - May 7, 1995",,Houston Rockets (6),,,Utah Jazz (3),,,UTA (-270),HOU (+210)
1995,NBA,Western Conf First Round,"Apr 27 - May 4, 1995",,Los Angeles Lakers (5),,,Seattle SuperSonics (4),,,SEA (-400),LAL (+300)
1995,NBA,Western Conf First Round,"Apr 28 - May 2, 1995",,Phoenix Suns (2),,,Portland Trail Blazers (7),,,PHO (-400),POR (+300)
1995,NBA,Western Conf First Round,"Apr 28 - May 2, 1995",,San Antonio Spurs (1),,,Denver Nuggets (8),,,SAS (-600),DEN (+400)
1995,NBA,Eastern Conf Semifinals,"May 7 - May 21, 1995",,Indiana Pacers (2),,,New York Knicks (3),,,NYK (-140),IND (+120)
1995,NBA,Eastern Conf Semifinals,"May 7 - May 18, 1995",,Orlando Magic (1),,,Chicago Bulls (5),,,CHI (-185),ORL (+165)
1995,NBA,Western Conf Semifinals,"May 9 - May 20, 1995",,Houston Rockets (6),,,Phoenix Suns (2),,,PHO (-270),HOU (+210)
1995,NBA,Western Conf Semifinals,"May 6 - May 18, 1995",,San Antonio Spurs (1),,,Los Angeles Lakers (5),,,SAS (-600),LAL (+400)
1995,NBA,Eastern Conf Finals,"May 23 - Jun 4, 1995",,Orlando Magic (1),,,Indiana Pacers (2),,,ORL (-200),IND (+170)
1995,NBA,Western Conf Finals,"May 22 - Jun 1, 1995",,Houston Rockets (6),,,San Antonio Spurs (1),,,SAS (-330),HOU (+250)
1995,NBA,Finals,"Jun 7 - Jun 14, 1995",,Houston Rockets (6),,,Orlando Magic (1),,,ORL (-150),HOU (+130)
,,,,,,,,,,,,
1994,NBA,Eastern Conf First Round,"Apr 28 - May 8, 1994",,Atlanta Hawks (1),,,Miami Heat (8),,,ATL (-360),MIA (+280)
1994,NBA,Eastern Conf First Round,"Apr 29 - May 3, 1994",,Chicago Bulls (3),,,Cleveland Cavaliers (6),,,CHI (-250),CLE (+200)
1994,NBA,Eastern Conf First Round,"Apr 28 - May 2, 1994",,Indiana Pacers (5),,,Orlando Magic (4),,,ORL (-170),IND (+150)
1994,NBA,Eastern Conf First Round,"Apr 29 - May 6, 1994",,New York Knicks (2),,,New Jersey Nets (7),,,NYK (-360),NJN (+280)
1994,NBA,Western Conf First Round,"Apr 28 - May 7, 1994",,Denver Nuggets (8),,,Seattle SuperSonics (1),,,SEA (-2000),DEN (+1400)
1994,NBA,Western Conf First Round,"Apr 29 - May 6, 1994",,Houston Rockets (2),,,Portland Trail Blazers (7),,,HOU (-270),POR (+210)
1994,NBA,Western Conf First Round,"Apr 29 - May 4, 1994",,Phoenix Suns (3),,,Golden State Warriors (6),,,PHO (-360),GSW (+280)
1994,NBA,Western Conf First Round,"Apr 28 - May 5, 1994",,Utah Jazz (5),,,San Antonio Spurs (4),,,SAS (-200),UTA (+170)
1994,NBA,Eastern Conf Semifinals,"May 10 - May 19, 1994",,Indiana Pacers (5),,,Atlanta Hawks (1),,,ATL (-160),IND (+140)
1994,NBA,Eastern Conf Semifinals,"May 8 - May 22, 1994",,New York Knicks (2),,,Chicago Bulls (3),,,NYK (-180),CHI (+160)
1994,NBA,Western Conf Semifinals,"May 8 - May 21, 1994",,Houston Rockets (2),,,Phoenix Suns (3),,,HOU (-120),PHO (+100)
1994,NBA,Western Conf Semifinals,"May 10 - May 21, 1994",,Utah Jazz (5),,,Denver Nuggets (8),,,UTA (-650),DEN (+450)
1994,NBA,Eastern Conf Finals,"May 24 - Jun 5, 1994",,New York Knicks (2),,,Indiana Pacers (5),,,NYK (-200),IND (+170)
1994,NBA,Western Conf Finals,"May 23 - May 31, 1994",,Houston Rockets (2),,,Utah Jazz (5),,,HOU (-270),UTA (+210)
1994,NBA,Finals,"Jun 8 - Jun 22, 1994",,Houston Rockets (2),,,New York Knicks (2),,,HOU (-220),NYK (+180)
Yr,Lg,Series, , ,Team,W, ,Team,W, ,Favorite,Underdog
1993,NBA,Eastern Conf First Round,"Apr 29 - May 5, 1993",,Charlotte Hornets (5),,,Boston Celtics (4),,,BOS (-165),CHH (+145)
1993,NBA,Eastern Conf First Round,"Apr 30 - May 4, 1993",,Chicago Bulls (2),,,Atlanta Hawks (7),,,CHI (-1200),ATL (+800)
1993,NBA,Eastern Conf First Round,"Apr 29 - May 9, 1993",,Cleveland Cavaliers (3),,,New Jersey Nets (6),,,CLE (-700),NJN (+500)
1993,NBA,Eastern Conf First Round,"Apr 30 - May 6, 1993",,New York Knicks (1),,,Indiana Pacers (8),,,NYK (-900),IND (+600)
1993,NBA,Western Conf First Round,"Apr 29 - May 8, 1993",,Houston Rockets (2),,,Los Angeles Clippers (7),,,HOU (-600),LAC (+400)
1993,NBA,Western Conf First Round,"Apr 30 - May 9, 1993",,Phoenix Suns (1),,,Los Angeles Lakers (8),,,PHO (-3000),LAL (+2000)
1993,NBA,Western Conf First Round,"Apr 29 - May 7, 1993",,San Antonio Spurs (5),,,Portland Trail Blazers (4),,,POR (-250),SAS (+200)
1993,NBA,Western Conf First Round,"Apr 30 - May 8, 1993",,Seattle SuperSonics (3),,,Utah Jazz (6),,,SEA (-350),UTA (+275)
1993,NBA,Eastern Conf Semifinals,"May 11 - May 17, 1993",,Chicago Bulls (2),,,Cleveland Cavaliers (3),,,CHI (-500),CLE (+350)
1993,NBA,Eastern Conf Semifinals,"May 9 - May 18, 1993",,New York Knicks (1),,,Charlotte Hornets (5),,,NYK (-140),CHH (+140)
1993,NBA,Western Conf Semifinals,"May 11 - May 20, 1993",,Phoenix Suns (1),,,San Antonio Spurs (5),,,PHO (-650),SAS (+450)
1993,NBA,Western Conf Semifinals,"May 10 - May 22, 1993",,Seattle SuperSonics (3),,,Houston Rockets (2),,,SEA (-135),HOU (+115)
1993,NBA,Eastern Conf Finals,"May 23 - Jun 4, 1993",,Chicago Bulls (2),,,New York Knicks (1),,,CHI (-150),NYK (+130)
1993,NBA,Western Conf Finals,"May 24 - Jun 5, 1993",,Phoenix Suns (1),,,Seattle SuperSonics (3),,,PHO (-330),SEA (+250)
1993,NBA,Finals,"Jun 9 - Jun 20, 1993",,Chicago Bulls (2),,,Phoenix Suns (1),,,CHI (-240),PHO (+190)
,,,,,,,,,,,,
1992,NBA,Eastern Conf First Round,"Apr 23 - Apr 27, 1992",,Boston Celtics (2),,,Indiana Pacers (7),,,BOS (-550),IND (+350)
1992,NBA,Eastern Conf First Round,"Apr 24 - Apr 29, 1992",,Chicago Bulls (1),,,Miami Heat (8),,,CHI (-10000),MIA (+7500)
1992,NBA,Eastern Conf First Round,"Apr 23 - Apr 30, 1992",,Cleveland Cavaliers (3),,,New Jersey Nets (6),,,CLE (-850),NJN (+550)
1992,NBA,Eastern Conf First Round,"Apr 24 - May 3, 1992",,New York Knicks (4),,,Detroit Pistons (5),,,NYK (-160),DET (+120)
1992,NBA,Western Conf First Round,"Apr 24 - Apr 29, 1992",,Phoenix Suns (4),,,San Antonio Spurs (5),,,PHO (-1500),SAS (+1000)
1992,NBA,Western Conf First Round,"Apr 23 - May 3, 1992",,Portland Trail Blazers (1),,,Los Angeles Lakers (8),,,POR (-2000),LAL (+1500)
1992,NBA,Western Conf First Round,"Apr 23 - Apr 30, 1992",,Seattle SuperSonics (6),,,Golden State Warriors (3),,,GSW (-270),SEA (+210)
1992,NBA,Western Conf First Round,"Apr 24 - May 4, 1992",,Utah Jazz (2),,,Los Angeles Clippers (7),,,UTA (-450),LAC (+325)
1992,NBA,Eastern Conf Semifinals,"May 5 - May 17, 1992",,Chicago Bulls (1),,,New York Knicks (4),,,CHI (-2500),NYK (+1700)
1992,NBA,Eastern Conf Semifinals,"May 2 - May 17, 1992",,Cleveland Cavaliers (3),,,Boston Celtics (2),,,CLE (-170),BOS (+130)
1992,NBA,Western Conf Semifinals,"May 5 - May 14, 1992",,Portland Trail Blazers (1),,,Phoenix Suns (4),,,POR (-500),PHO (+350)
1992,NBA,Western Conf Semifinals,"May 6 - May 14, 1992",,Utah Jazz (2),,,Seattle SuperSonics (6),,,UTA (-200),SEA (+160)
1992,NBA,Eastern Conf Finals,"May 19 - May 29, 1992",,Chicago Bulls (1),,,Cleveland Cavaliers (3),,,CHI (-650),CLE (+450)
1992,NBA,Western Conf Finals,"May 16 - May 28, 1992",,Portland Trail Blazers (1),,,Utah Jazz (2),,,POR (-360),UTA (+280)
1992,NBA,Finals,"Jun 3 - Jun 14, 1992",,Chicago Bulls (1),,,Portland Trail Blazers (1),,,CHI (-250),POR (+200)
